{"entity":{"description":"","name":"cloud_model_space","scope":{"bss_account_id":"86d86c9650f5449496cbc127d4d1c587"},"stage":{"production":false},"status":{"state":"active"},"storage":{"type":"bmcos_object_storage"}},"metadata":{"created_at":"2022-11-19T19:07:05.762Z","creator_id":"IBMid-665002OLJW","id":"c686575b-eacf-4bf8-b750-c8e703a4bc6e","updated_at":"2022-11-19T19:36:54.752Z","url":"/v2/spaces/c686575b-eacf-4bf8-b750-c8e703a4bc6e"},"is_encrypted":false,"deployment_source":"cloud","version":"1.2.0.cloud"}
