{"metadata":{"asset_id":"3927a809-fe68-431d-bc45-088798fa0995","asset_attributes":["wml_model","modelfacts_system","modelfacts_user"],"name":"engine_model","asset_type":"wml_model","created_at":"2022-11-19T19:35:36Z","origin_country":"us","owner_id":"IBMid-665002OLJW","space_id":"c686575b-eacf-4bf8-b750-c8e703a4bc6e","sandbox_id":"c686575b-eacf-4bf8-b750-c8e703a4bc6e","size":1052,"usage":{"last_update_time":1668886539272,"last_updated_at":"2022-11-19T19:35:39Z"}},"entity":{"wml_model":{"hybrid_pipeline_software_specs":[],"software_spec":{"base_id":"12b83a17-24d8-5082-900f-0ab31fbfd3cb","name":"runtime-22.1-py3.9"},"ml_version":"4.0.15","type":"scikit-learn_1.0"},"modelfacts_system":{"model_information":{"model_type":"scikit-learn_1.0","model_description":"","input_type":"","algorithm":"","prediction_type":"","software_spec":"runtime-22.1-py3.9","software_spec_id":"12b83a17-24d8-5082-900f-0ab31fbfd3cb","asset_type":"wml_model"},"training_information":{"project_name":"","training_data_references":[],"hyper_parameters":"","hybrid_pipeline":[],"features":0},"space_details":{"space_id":"c686575b-eacf-4bf8-b750-c8e703a4bc6e","space_type":"development","is_spacetype_openscale_value":false}},"modelfacts_user":{}},"attachments":[{"id":"f1f31382-5d72-484f-8bc6-b29c73a933ee","version":2,"asset_type":"wml_model","datasource_type":"193a97c1-4475-4a19-b90c-295c4fdc6517","creator_id":"IBMid-665002OLJW","create_time":1668886537304,"size":1052,"is_remote":false,"is_managed":true,"is_referenced":false,"is_object_key_read_only":false,"is_user_provided_path_key":false,"transfer_complete":true,"is_partitioned":false,"complete_time_ticks":1668886538567,"user_data":{"content_format":"native"},"test_doc":0,"handle":{"bucket":"4a46ccf4-e4f1-436d-8ca9-b01f118255cd","location":"us-south","type":"bluemix_cos","key":"ef21dd0f-86eb-4154-a970-7990e69566e2/3927a809-fe68-431d-bc45-088798fa0995/f1f31382-5d72-484f-8bc6-b29c73a933ee","upload_id":"done","max_part_num":1},"usage":{"access_count":0,"last_accessor_id":"IBMid-665002OLJW","last_access_time":1668886537304}}]}
